0,1,2,3,4,5,6,7,8,9,10,11,index
-1,0.5,-1,0.5,-1,0.5,-1,0.5,-1,0.5,-1,0.5,0
-1,0.5,-1,0.5,-1,0.5,-1,0.5,-1,0.5,0,0.5,1
-1,0.5,-1,0.5,-1,0.5,-1,0.5,-1,0.5,1,0.5,2
-1,0.5,-1,0.5,-1,0.5,-1,0.5,0,0.5,-1,0.5,3
-1,0.5,-1,0.5,-1,0.5,-1,0.5,0,0.5,0,0.5,4
-1,0.5,-1,0.5,-1,0.5,-1,0.5,0,0.5,1,0.5,5
-1,0.5,-1,0.5,-1,0.5,-1,0.5,1,0.5,-1,0.5,6
-1,0.5,-1,0.5,-1,0.5,-1,0.5,1,0.5,0,0.5,7
-1,0.5,-1,0.5,-1,0.5,-1,0.5,1,0.5,1,0.5,8
-1,0.5,-1,0.5,-1,0.5,0,0.5,-1,0.5,-1,0.5,9
-1,0.5,-1,0.5,-1,0.5,0,0.5,-1,0.5,0,0.5,10
-1,0.5,-1,0.5,-1,0.5,0,0.5,-1,0.5,1,0.5,11
-1,0.5,-1,0.5,-1,0.5,0,0.5,0,0.5,-1,0.5,12
-1,0.5,-1,0.5,-1,0.5,0,0.5,0,0.5,0,0.5,13
-1,0.5,-1,0.5,-1,0.5,0,0.5,0,0.5,1,0.5,14
-1,0.5,-1,0.5,-1,0.5,0,0.5,1,0.5,-1,0.5,15
-1,0.5,-1,0.5,-1,0.5,0,0.5,1,0.5,0,0.5,16
-1,0.5,-1,0.5,-1,0.5,0,0.5,1,0.5,1,0.5,17
-1,0.5,-1,0.5,-1,0.5,1,0.5,-1,0.5,-1,0.5,18
-1,0.5,-1,0.5,-1,0.5,1,0.5,-1,0.5,0,0.5,19
-1,0.5,-1,0.5,-1,0.5,1,0.5,-1,0.5,1,0.5,20
-1,0.5,-1,0.5,-1,0.5,1,0.5,0,0.5,-1,0.5,21
-1,0.5,-1,0.5,-1,0.5,1,0.5,0,0.5,0,0.5,22
-1,0.5,-1,0.5,-1,0.5,1,0.5,0,0.5,1,0.5,23
-1,0.5,-1,0.5,-1,0.5,1,0.5,1,0.5,-1,0.5,24
-1,0.5,-1,0.5,-1,0.5,1,0.5,1,0.5,0,0.5,25
-1,0.5,-1,0.5,-1,0.5,1,0.5,1,0.5,1,0.5,26
-1,0.5,-1,0.5,0,0.5,-1,0.5,-1,0.5,-1,0.5,27
-1,0.5,-1,0.5,0,0.5,-1,0.5,-1,0.5,0,0.5,28
-1,0.5,-1,0.5,0,0.5,-1,0.5,-1,0.5,1,0.5,29
-1,0.5,-1,0.5,0,0.5,-1,0.5,0,0.5,-1,0.5,30
-1,0.5,-1,0.5,0,0.5,-1,0.5,0,0.5,0,0.5,31
-1,0.5,-1,0.5,0,0.5,-1,0.5,0,0.5,1,0.5,32
-1,0.5,-1,0.5,0,0.5,-1,0.5,1,0.5,-1,0.5,33
-1,0.5,-1,0.5,0,0.5,-1,0.5,1,0.5,0,0.5,34
-1,0.5,-1,0.5,0,0.5,-1,0.5,1,0.5,1,0.5,35
-1,0.5,-1,0.5,0,0.5,0,0.5,-1,0.5,-1,0.5,36
-1,0.5,-1,0.5,0,0.5,0,0.5,-1,0.5,0,0.5,37
-1,0.5,-1,0.5,0,0.5,0,0.5,-1,0.5,1,0.5,38
-1,0.5,-1,0.5,0,0.5,0,0.5,0,0.5,-1,0.5,39
-1,0.5,-1,0.5,0,0.5,0,0.5,0,0.5,0,0.5,40
-1,0.5,-1,0.5,0,0.5,0,0.5,0,0.5,1,0.5,41
-1,0.5,-1,0.5,0,0.5,0,0.5,1,0.5,-1,0.5,42
-1,0.5,-1,0.5,0,0.5,0,0.5,1,0.5,0,0.5,43
-1,0.5,-1,0.5,0,0.5,0,0.5,1,0.5,1,0.5,44
-1,0.5,-1,0.5,0,0.5,1,0.5,-1,0.5,-1,0.5,45
-1,0.5,-1,0.5,0,0.5,1,0.5,-1,0.5,0,0.5,46
-1,0.5,-1,0.5,0,0.5,1,0.5,-1,0.5,1,0.5,47
-1,0.5,-1,0.5,0,0.5,1,0.5,0,0.5,-1,0.5,48
-1,0.5,-1,0.5,0,0.5,1,0.5,0,0.5,0,0.5,49
-1,0.5,-1,0.5,0,0.5,1,0.5,0,0.5,1,0.5,50
-1,0.5,-1,0.5,0,0.5,1,0.5,1,0.5,-1,0.5,51
-1,0.5,-1,0.5,0,0.5,1,0.5,1,0.5,0,0.5,52
-1,0.5,-1,0.5,0,0.5,1,0.5,1,0.5,1,0.5,53
-1,0.5,-1,0.5,1,0.5,-1,0.5,-1,0.5,-1,0.5,54
-1,0.5,-1,0.5,1,0.5,-1,0.5,-1,0.5,0,0.5,55
-1,0.5,-1,0.5,1,0.5,-1,0.5,-1,0.5,1,0.5,56
-1,0.5,-1,0.5,1,0.5,-1,0.5,0,0.5,-1,0.5,57
-1,0.5,-1,0.5,1,0.5,-1,0.5,0,0.5,0,0.5,58
-1,0.5,-1,0.5,1,0.5,-1,0.5,0,0.5,1,0.5,59
-1,0.5,-1,0.5,1,0.5,-1,0.5,1,0.5,-1,0.5,60
-1,0.5,-1,0.5,1,0.5,-1,0.5,1,0.5,0,0.5,61
-1,0.5,-1,0.5,1,0.5,-1,0.5,1,0.5,1,0.5,62
-1,0.5,-1,0.5,1,0.5,0,0.5,-1,0.5,-1,0.5,63
-1,0.5,-1,0.5,1,0.5,0,0.5,-1,0.5,0,0.5,64
-1,0.5,-1,0.5,1,0.5,0,0.5,-1,0.5,1,0.5,65
-1,0.5,-1,0.5,1,0.5,0,0.5,0,0.5,-1,0.5,66
-1,0.5,-1,0.5,1,0.5,0,0.5,0,0.5,0,0.5,67
-1,0.5,-1,0.5,1,0.5,0,0.5,0,0.5,1,0.5,68
-1,0.5,-1,0.5,1,0.5,0,0.5,1,0.5,-1,0.5,69
-1,0.5,-1,0.5,1,0.5,0,0.5,1,0.5,0,0.5,70
-1,0.5,-1,0.5,1,0.5,0,0.5,1,0.5,1,0.5,71
-1,0.5,-1,0.5,1,0.5,1,0.5,-1,0.5,-1,0.5,72
-1,0.5,-1,0.5,1,0.5,1,0.5,-1,0.5,0,0.5,73
-1,0.5,-1,0.5,1,0.5,1,0.5,-1,0.5,1,0.5,74
-1,0.5,-1,0.5,1,0.5,1,0.5,0,0.5,-1,0.5,75
-1,0.5,-1,0.5,1,0.5,1,0.5,0,0.5,0,0.5,76
-1,0.5,-1,0.5,1,0.5,1,0.5,0,0.5,1,0.5,77
-1,0.5,-1,0.5,1,0.5,1,0.5,1,0.5,-1,0.5,78
-1,0.5,-1,0.5,1,0.5,1,0.5,1,0.5,0,0.5,79
-1,0.5,-1,0.5,1,0.5,1,0.5,1,0.5,1,0.5,80
-1,0.5,0,0.5,-1,0.5,-1,0.5,-1,0.5,-1,0.5,81
-1,0.5,0,0.5,-1,0.5,-1,0.5,-1,0.5,0,0.5,82
-1,0.5,0,0.5,-1,0.5,-1,0.5,-1,0.5,1,0.5,83
-1,0.5,0,0.5,-1,0.5,-1,0.5,0,0.5,-1,0.5,84
-1,0.5,0,0.5,-1,0.5,-1,0.5,0,0.5,0,0.5,85
-1,0.5,0,0.5,-1,0.5,-1,0.5,0,0.5,1,0.5,86
-1,0.5,0,0.5,-1,0.5,-1,0.5,1,0.5,-1,0.5,87
-1,0.5,0,0.5,-1,0.5,-1,0.5,1,0.5,0,0.5,88
-1,0.5,0,0.5,-1,0.5,-1,0.5,1,0.5,1,0.5,89
-1,0.5,0,0.5,-1,0.5,0,0.5,-1,0.5,-1,0.5,90
-1,0.5,0,0.5,-1,0.5,0,0.5,-1,0.5,0,0.5,91
-1,0.5,0,0.5,-1,0.5,0,0.5,-1,0.5,1,0.5,92
-1,0.5,0,0.5,-1,0.5,0,0.5,0,0.5,-1,0.5,93
-1,0.5,0,0.5,-1,0.5,0,0.5,0,0.5,0,0.5,94
-1,0.5,0,0.5,-1,0.5,0,0.5,0,0.5,1,0.5,95
-1,0.5,0,0.5,-1,0.5,0,0.5,1,0.5,-1,0.5,96
-1,0.5,0,0.5,-1,0.5,0,0.5,1,0.5,0,0.5,97
-1,0.5,0,0.5,-1,0.5,0,0.5,1,0.5,1,0.5,98
-1,0.5,0,0.5,-1,0.5,1,0.5,-1,0.5,-1,0.5,99
-1,0.5,0,0.5,-1,0.5,1,0.5,-1,0.5,0,0.5,100
-1,0.5,0,0.5,-1,0.5,1,0.5,-1,0.5,1,0.5,101
-1,0.5,0,0.5,-1,0.5,1,0.5,0,0.5,-1,0.5,102
-1,0.5,0,0.5,-1,0.5,1,0.5,0,0.5,0,0.5,103
-1,0.5,0,0.5,-1,0.5,1,0.5,0,0.5,1,0.5,104
-1,0.5,0,0.5,-1,0.5,1,0.5,1,0.5,-1,0.5,105
-1,0.5,0,0.5,-1,0.5,1,0.5,1,0.5,0,0.5,106
-1,0.5,0,0.5,-1,0.5,1,0.5,1,0.5,1,0.5,107
-1,0.5,0,0.5,0,0.5,-1,0.5,-1,0.5,-1,0.5,108
-1,0.5,0,0.5,0,0.5,-1,0.5,-1,0.5,0,0.5,109
-1,0.5,0,0.5,0,0.5,-1,0.5,-1,0.5,1,0.5,110
-1,0.5,0,0.5,0,0.5,-1,0.5,0,0.5,-1,0.5,111
-1,0.5,0,0.5,0,0.5,-1,0.5,0,0.5,0,0.5,112
-1,0.5,0,0.5,0,0.5,-1,0.5,0,0.5,1,0.5,113
-1,0.5,0,0.5,0,0.5,-1,0.5,1,0.5,-1,0.5,114
-1,0.5,0,0.5,0,0.5,-1,0.5,1,0.5,0,0.5,115
-1,0.5,0,0.5,0,0.5,-1,0.5,1,0.5,1,0.5,116
-1,0.5,0,0.5,0,0.5,0,0.5,-1,0.5,-1,0.5,117
-1,0.5,0,0.5,0,0.5,0,0.5,-1,0.5,0,0.5,118
-1,0.5,0,0.5,0,0.5,0,0.5,-1,0.5,1,0.5,119
-1,0.5,0,0.5,0,0.5,0,0.5,0,0.5,-1,0.5,120
-1,0.5,0,0.5,0,0.5,0,0.5,0,0.5,0,0.5,121
-1,0.5,0,0.5,0,0.5,0,0.5,0,0.5,1,0.5,122
-1,0.5,0,0.5,0,0.5,0,0.5,1,0.5,-1,0.5,123
-1,0.5,0,0.5,0,0.5,0,0.5,1,0.5,0,0.5,124
-1,0.5,0,0.5,0,0.5,0,0.5,1,0.5,1,0.5,125
-1,0.5,0,0.5,0,0.5,1,0.5,-1,0.5,-1,0.5,126
-1,0.5,0,0.5,0,0.5,1,0.5,-1,0.5,0,0.5,127
-1,0.5,0,0.5,0,0.5,1,0.5,-1,0.5,1,0.5,128
-1,0.5,0,0.5,0,0.5,1,0.5,0,0.5,-1,0.5,129
-1,0.5,0,0.5,0,0.5,1,0.5,0,0.5,0,0.5,130
-1,0.5,0,0.5,0,0.5,1,0.5,0,0.5,1,0.5,131
-1,0.5,0,0.5,0,0.5,1,0.5,1,0.5,-1,0.5,132
-1,0.5,0,0.5,0,0.5,1,0.5,1,0.5,0,0.5,133
-1,0.5,0,0.5,0,0.5,1,0.5,1,0.5,1,0.5,134
-1,0.5,0,0.5,1,0.5,-1,0.5,-1,0.5,-1,0.5,135
-1,0.5,0,0.5,1,0.5,-1,0.5,-1,0.5,0,0.5,136
-1,0.5,0,0.5,1,0.5,-1,0.5,-1,0.5,1,0.5,137
-1,0.5,0,0.5,1,0.5,-1,0.5,0,0.5,-1,0.5,138
-1,0.5,0,0.5,1,0.5,-1,0.5,0,0.5,0,0.5,139
-1,0.5,0,0.5,1,0.5,-1,0.5,0,0.5,1,0.5,140
-1,0.5,0,0.5,1,0.5,-1,0.5,1,0.5,-1,0.5,141
-1,0.5,0,0.5,1,0.5,-1,0.5,1,0.5,0,0.5,142
-1,0.5,0,0.5,1,0.5,-1,0.5,1,0.5,1,0.5,143
-1,0.5,0,0.5,1,0.5,0,0.5,-1,0.5,-1,0.5,144
-1,0.5,0,0.5,1,0.5,0,0.5,-1,0.5,0,0.5,145
-1,0.5,0,0.5,1,0.5,0,0.5,-1,0.5,1,0.5,146
-1,0.5,0,0.5,1,0.5,0,0.5,0,0.5,-1,0.5,147
-1,0.5,0,0.5,1,0.5,0,0.5,0,0.5,0,0.5,148
-1,0.5,0,0.5,1,0.5,0,0.5,0,0.5,1,0.5,149
-1,0.5,0,0.5,1,0.5,0,0.5,1,0.5,-1,0.5,150
-1,0.5,0,0.5,1,0.5,0,0.5,1,0.5,0,0.5,151
-1,0.5,0,0.5,1,0.5,0,0.5,1,0.5,1,0.5,152
-1,0.5,0,0.5,1,0.5,1,0.5,-1,0.5,-1,0.5,153
-1,0.5,0,0.5,1,0.5,1,0.5,-1,0.5,0,0.5,154
-1,0.5,0,0.5,1,0.5,1,0.5,-1,0.5,1,0.5,155
-1,0.5,0,0.5,1,0.5,1,0.5,0,0.5,-1,0.5,156
-1,0.5,0,0.5,1,0.5,1,0.5,0,0.5,0,0.5,157
-1,0.5,0,0.5,1,0.5,1,0.5,0,0.5,1,0.5,158
-1,0.5,0,0.5,1,0.5,1,0.5,1,0.5,-1,0.5,159
-1,0.5,0,0.5,1,0.5,1,0.5,1,0.5,0,0.5,160
-1,0.5,0,0.5,1,0.5,1,0.5,1,0.5,1,0.5,161
-1,0.5,1,0.5,-1,0.5,-1,0.5,-1,0.5,-1,0.5,162
-1,0.5,1,0.5,-1,0.5,-1,0.5,-1,0.5,0,0.5,163
-1,0.5,1,0.5,-1,0.5,-1,0.5,-1,0.5,1,0.5,164
-1,0.5,1,0.5,-1,0.5,-1,0.5,0,0.5,-1,0.5,165
-1,0.5,1,0.5,-1,0.5,-1,0.5,0,0.5,0,0.5,166
-1,0.5,1,0.5,-1,0.5,-1,0.5,0,0.5,1,0.5,167
-1,0.5,1,0.5,-1,0.5,-1,0.5,1,0.5,-1,0.5,168
-1,0.5,1,0.5,-1,0.5,-1,0.5,1,0.5,0,0.5,169
-1,0.5,1,0.5,-1,0.5,-1,0.5,1,0.5,1,0.5,170
-1,0.5,1,0.5,-1,0.5,0,0.5,-1,0.5,-1,0.5,171
-1,0.5,1,0.5,-1,0.5,0,0.5,-1,0.5,0,0.5,172
-1,0.5,1,0.5,-1,0.5,0,0.5,-1,0.5,1,0.5,173
-1,0.5,1,0.5,-1,0.5,0,0.5,0,0.5,-1,0.5,174
-1,0.5,1,0.5,-1,0.5,0,0.5,0,0.5,0,0.5,175
-1,0.5,1,0.5,-1,0.5,0,0.5,0,0.5,1,0.5,176
-1,0.5,1,0.5,-1,0.5,0,0.5,1,0.5,-1,0.5,177
-1,0.5,1,0.5,-1,0.5,0,0.5,1,0.5,0,0.5,178
-1,0.5,1,0.5,-1,0.5,0,0.5,1,0.5,1,0.5,179
-1,0.5,1,0.5,-1,0.5,1,0.5,-1,0.5,-1,0.5,180
-1,0.5,1,0.5,-1,0.5,1,0.5,-1,0.5,0,0.5,181
-1,0.5,1,0.5,-1,0.5,1,0.5,-1,0.5,1,0.5,182
-1,0.5,1,0.5,-1,0.5,1,0.5,0,0.5,-1,0.5,183
-1,0.5,1,0.5,-1,0.5,1,0.5,0,0.5,0,0.5,184
-1,0.5,1,0.5,-1,0.5,1,0.5,0,0.5,1,0.5,185
-1,0.5,1,0.5,-1,0.5,1,0.5,1,0.5,-1,0.5,186
-1,0.5,1,0.5,-1,0.5,1,0.5,1,0.5,0,0.5,187
-1,0.5,1,0.5,-1,0.5,1,0.5,1,0.5,1,0.5,188
-1,0.5,1,0.5,0,0.5,-1,0.5,-1,0.5,-1,0.5,189
-1,0.5,1,0.5,0,0.5,-1,0.5,-1,0.5,0,0.5,190
-1,0.5,1,0.5,0,0.5,-1,0.5,-1,0.5,1,0.5,191
-1,0.5,1,0.5,0,0.5,-1,0.5,0,0.5,-1,0.5,192
-1,0.5,1,0.5,0,0.5,-1,0.5,0,0.5,0,0.5,193
-1,0.5,1,0.5,0,0.5,-1,0.5,0,0.5,1,0.5,194
-1,0.5,1,0.5,0,0.5,-1,0.5,1,0.5,-1,0.5,195
-1,0.5,1,0.5,0,0.5,-1,0.5,1,0.5,0,0.5,196
-1,0.5,1,0.5,0,0.5,-1,0.5,1,0.5,1,0.5,197
-1,0.5,1,0.5,0,0.5,0,0.5,-1,0.5,-1,0.5,198
-1,0.5,1,0.5,0,0.5,0,0.5,-1,0.5,0,0.5,199
-1,0.5,1,0.5,0,0.5,0,0.5,-1,0.5,1,0.5,200
-1,0.5,1,0.5,0,0.5,0,0.5,0,0.5,-1,0.5,201
-1,0.5,1,0.5,0,0.5,0,0.5,0,0.5,0,0.5,202
-1,0.5,1,0.5,0,0.5,0,0.5,0,0.5,1,0.5,203
-1,0.5,1,0.5,0,0.5,0,0.5,1,0.5,-1,0.5,204
-1,0.5,1,0.5,0,0.5,0,0.5,1,0.5,0,0.5,205
-1,0.5,1,0.5,0,0.5,0,0.5,1,0.5,1,0.5,206
-1,0.5,1,0.5,0,0.5,1,0.5,-1,0.5,-1,0.5,207
-1,0.5,1,0.5,0,0.5,1,0.5,-1,0.5,0,0.5,208
-1,0.5,1,0.5,0,0.5,1,0.5,-1,0.5,1,0.5,209
-1,0.5,1,0.5,0,0.5,1,0.5,0,0.5,-1,0.5,210
-1,0.5,1,0.5,0,0.5,1,0.5,0,0.5,0,0.5,211
-1,0.5,1,0.5,0,0.5,1,0.5,0,0.5,1,0.5,212
-1,0.5,1,0.5,0,0.5,1,0.5,1,0.5,-1,0.5,213
-1,0.5,1,0.5,0,0.5,1,0.5,1,0.5,0,0.5,214
-1,0.5,1,0.5,0,0.5,1,0.5,1,0.5,1,0.5,215
-1,0.5,1,0.5,1,0.5,-1,0.5,-1,0.5,-1,0.5,216
-1,0.5,1,0.5,1,0.5,-1,0.5,-1,0.5,0,0.5,217
-1,0.5,1,0.5,1,0.5,-1,0.5,-1,0.5,1,0.5,218
-1,0.5,1,0.5,1,0.5,-1,0.5,0,0.5,-1,0.5,219
-1,0.5,1,0.5,1,0.5,-1,0.5,0,0.5,0,0.5,220
-1,0.5,1,0.5,1,0.5,-1,0.5,0,0.5,1,0.5,221
-1,0.5,1,0.5,1,0.5,-1,0.5,1,0.5,-1,0.5,222
-1,0.5,1,0.5,1,0.5,-1,0.5,1,0.5,0,0.5,223
-1,0.5,1,0.5,1,0.5,-1,0.5,1,0.5,1,0.5,224
-1,0.5,1,0.5,1,0.5,0,0.5,-1,0.5,-1,0.5,225
-1,0.5,1,0.5,1,0.5,0,0.5,-1,0.5,0,0.5,226
-1,0.5,1,0.5,1,0.5,0,0.5,-1,0.5,1,0.5,227
-1,0.5,1,0.5,1,0.5,0,0.5,0,0.5,-1,0.5,228
-1,0.5,1,0.5,1,0.5,0,0.5,0,0.5,0,0.5,229
-1,0.5,1,0.5,1,0.5,0,0.5,0,0.5,1,0.5,230
-1,0.5,1,0.5,1,0.5,0,0.5,1,0.5,-1,0.5,231
-1,0.5,1,0.5,1,0.5,0,0.5,1,0.5,0,0.5,232
-1,0.5,1,0.5,1,0.5,0,0.5,1,0.5,1,0.5,233
-1,0.5,1,0.5,1,0.5,1,0.5,-1,0.5,-1,0.5,234
-1,0.5,1,0.5,1,0.5,1,0.5,-1,0.5,0,0.5,235
-1,0.5,1,0.5,1,0.5,1,0.5,-1,0.5,1,0.5,236
-1,0.5,1,0.5,1,0.5,1,0.5,0,0.5,-1,0.5,237
-1,0.5,1,0.5,1,0.5,1,0.5,0,0.5,0,0.5,238
-1,0.5,1,0.5,1,0.5,1,0.5,0,0.5,1,0.5,239
-1,0.5,1,0.5,1,0.5,1,0.5,1,0.5,-1,0.5,240
-1,0.5,1,0.5,1,0.5,1,0.5,1,0.5,0,0.5,241
-1,0.5,1,0.5,1,0.5,1,0.5,1,0.5,1,0.5,242
0,0.5,-1,0.5,-1,0.5,-1,0.5,-1,0.5,-1,0.5,243
0,0.5,-1,0.5,-1,0.5,-1,0.5,-1,0.5,0,0.5,244
0,0.5,-1,0.5,-1,0.5,-1,0.5,-1,0.5,1,0.5,245
0,0.5,-1,0.5,-1,0.5,-1,0.5,0,0.5,-1,0.5,246
0,0.5,-1,0.5,-1,0.5,-1,0.5,0,0.5,0,0.5,247
0,0.5,-1,0.5,-1,0.5,-1,0.5,0,0.5,1,0.5,248
0,0.5,-1,0.5,-1,0.5,-1,0.5,1,0.5,-1,0.5,249
0,0.5,-1,0.5,-1,0.5,-1,0.5,1,0.5,0,0.5,250
0,0.5,-1,0.5,-1,0.5,-1,0.5,1,0.5,1,0.5,251
0,0.5,-1,0.5,-1,0.5,0,0.5,-1,0.5,-1,0.5,252
0,0.5,-1,0.5,-1,0.5,0,0.5,-1,0.5,0,0.5,253
0,0.5,-1,0.5,-1,0.5,0,0.5,-1,0.5,1,0.5,254
0,0.5,-1,0.5,-1,0.5,0,0.5,0,0.5,-1,0.5,255
0,0.5,-1,0.5,-1,0.5,0,0.5,0,0.5,0,0.5,256
0,0.5,-1,0.5,-1,0.5,0,0.5,0,0.5,1,0.5,257
0,0.5,-1,0.5,-1,0.5,0,0.5,1,0.5,-1,0.5,258
0,0.5,-1,0.5,-1,0.5,0,0.5,1,0.5,0,0.5,259
0,0.5,-1,0.5,-1,0.5,0,0.5,1,0.5,1,0.5,260
0,0.5,-1,0.5,-1,0.5,1,0.5,-1,0.5,-1,0.5,261
0,0.5,-1,0.5,-1,0.5,1,0.5,-1,0.5,0,0.5,262
0,0.5,-1,0.5,-1,0.5,1,0.5,-1,0.5,1,0.5,263
0,0.5,-1,0.5,-1,0.5,1,0.5,0,0.5,-1,0.5,264
0,0.5,-1,0.5,-1,0.5,1,0.5,0,0.5,0,0.5,265
0,0.5,-1,0.5,-1,0.5,1,0.5,0,0.5,1,0.5,266
0,0.5,-1,0.5,-1,0.5,1,0.5,1,0.5,-1,0.5,267
0,0.5,-1,0.5,-1,0.5,1,0.5,1,0.5,0,0.5,268
0,0.5,-1,0.5,-1,0.5,1,0.5,1,0.5,1,0.5,269
0,0.5,-1,0.5,0,0.5,-1,0.5,-1,0.5,-1,0.5,270
0,0.5,-1,0.5,0,0.5,-1,0.5,-1,0.5,0,0.5,271
0,0.5,-1,0.5,0,0.5,-1,0.5,-1,0.5,1,0.5,272
0,0.5,-1,0.5,0,0.5,-1,0.5,0,0.5,-1,0.5,273
0,0.5,-1,0.5,0,0.5,-1,0.5,0,0.5,0,0.5,274
0,0.5,-1,0.5,0,0.5,-1,0.5,0,0.5,1,0.5,275
0,0.5,-1,0.5,0,0.5,-1,0.5,1,0.5,-1,0.5,276
0,0.5,-1,0.5,0,0.5,-1,0.5,1,0.5,0,0.5,277
0,0.5,-1,0.5,0,0.5,-1,0.5,1,0.5,1,0.5,278
0,0.5,-1,0.5,0,0.5,0,0.5,-1,0.5,-1,0.5,279
0,0.5,-1,0.5,0,0.5,0,0.5,-1,0.5,0,0.5,280
0,0.5,-1,0.5,0,0.5,0,0.5,-1,0.5,1,0.5,281
0,0.5,-1,0.5,0,0.5,0,0.5,0,0.5,-1,0.5,282
0,0.5,-1,0.5,0,0.5,0,0.5,0,0.5,0,0.5,283
0,0.5,-1,0.5,0,0.5,0,0.5,0,0.5,1,0.5,284
0,0.5,-1,0.5,0,0.5,0,0.5,1,0.5,-1,0.5,285
0,0.5,-1,0.5,0,0.5,0,0.5,1,0.5,0,0.5,286
0,0.5,-1,0.5,0,0.5,0,0.5,1,0.5,1,0.5,287
0,0.5,-1,0.5,0,0.5,1,0.5,-1,0.5,-1,0.5,288
0,0.5,-1,0.5,0,0.5,1,0.5,-1,0.5,0,0.5,289
0,0.5,-1,0.5,0,0.5,1,0.5,-1,0.5,1,0.5,290
0,0.5,-1,0.5,0,0.5,1,0.5,0,0.5,-1,0.5,291
0,0.5,-1,0.5,0,0.5,1,0.5,0,0.5,0,0.5,292
0,0.5,-1,0.5,0,0.5,1,0.5,0,0.5,1,0.5,293
0,0.5,-1,0.5,0,0.5,1,0.5,1,0.5,-1,0.5,294
0,0.5,-1,0.5,0,0.5,1,0.5,1,0.5,0,0.5,295
0,0.5,-1,0.5,0,0.5,1,0.5,1,0.5,1,0.5,296
0,0.5,-1,0.5,1,0.5,-1,0.5,-1,0.5,-1,0.5,297
0,0.5,-1,0.5,1,0.5,-1,0.5,-1,0.5,0,0.5,298
0,0.5,-1,0.5,1,0.5,-1,0.5,-1,0.5,1,0.5,299
0,0.5,-1,0.5,1,0.5,-1,0.5,0,0.5,-1,0.5,300
0,0.5,-1,0.5,1,0.5,-1,0.5,0,0.5,0,0.5,301
0,0.5,-1,0.5,1,0.5,-1,0.5,0,0.5,1,0.5,302
0,0.5,-1,0.5,1,0.5,-1,0.5,1,0.5,-1,0.5,303
0,0.5,-1,0.5,1,0.5,-1,0.5,1,0.5,0,0.5,304
0,0.5,-1,0.5,1,0.5,-1,0.5,1,0.5,1,0.5,305
0,0.5,-1,0.5,1,0.5,0,0.5,-1,0.5,-1,0.5,306
0,0.5,-1,0.5,1,0.5,0,0.5,-1,0.5,0,0.5,307
0,0.5,-1,0.5,1,0.5,0,0.5,-1,0.5,1,0.5,308
0,0.5,-1,0.5,1,0.5,0,0.5,0,0.5,-1,0.5,309
0,0.5,-1,0.5,1,0.5,0,0.5,0,0.5,0,0.5,310
0,0.5,-1,0.5,1,0.5,0,0.5,0,0.5,1,0.5,311
0,0.5,-1,0.5,1,0.5,0,0.5,1,0.5,-1,0.5,312
0,0.5,-1,0.5,1,0.5,0,0.5,1,0.5,0,0.5,313
0,0.5,-1,0.5,1,0.5,0,0.5,1,0.5,1,0.5,314
0,0.5,-1,0.5,1,0.5,1,0.5,-1,0.5,-1,0.5,315
0,0.5,-1,0.5,1,0.5,1,0.5,-1,0.5,0,0.5,316
0,0.5,-1,0.5,1,0.5,1,0.5,-1,0.5,1,0.5,317
0,0.5,-1,0.5,1,0.5,1,0.5,0,0.5,-1,0.5,318
0,0.5,-1,0.5,1,0.5,1,0.5,0,0.5,0,0.5,319
0,0.5,-1,0.5,1,0.5,1,0.5,0,0.5,1,0.5,320
0,0.5,-1,0.5,1,0.5,1,0.5,1,0.5,-1,0.5,321
0,0.5,-1,0.5,1,0.5,1,0.5,1,0.5,0,0.5,322
0,0.5,-1,0.5,1,0.5,1,0.5,1,0.5,1,0.5,323
0,0.5,0,0.5,-1,0.5,-1,0.5,-1,0.5,-1,0.5,324
0,0.5,0,0.5,-1,0.5,-1,0.5,-1,0.5,0,0.5,325
0,0.5,0,0.5,-1,0.5,-1,0.5,-1,0.5,1,0.5,326
0,0.5,0,0.5,-1,0.5,-1,0.5,0,0.5,-1,0.5,327
0,0.5,0,0.5,-1,0.5,-1,0.5,0,0.5,0,0.5,328
0,0.5,0,0.5,-1,0.5,-1,0.5,0,0.5,1,0.5,329
0,0.5,0,0.5,-1,0.5,-1,0.5,1,0.5,-1,0.5,330
0,0.5,0,0.5,-1,0.5,-1,0.5,1,0.5,0,0.5,331
0,0.5,0,0.5,-1,0.5,-1,0.5,1,0.5,1,0.5,332
0,0.5,0,0.5,-1,0.5,0,0.5,-1,0.5,-1,0.5,333
0,0.5,0,0.5,-1,0.5,0,0.5,-1,0.5,0,0.5,334
0,0.5,0,0.5,-1,0.5,0,0.5,-1,0.5,1,0.5,335
0,0.5,0,0.5,-1,0.5,0,0.5,0,0.5,-1,0.5,336
0,0.5,0,0.5,-1,0.5,0,0.5,0,0.5,0,0.5,337
0,0.5,0,0.5,-1,0.5,0,0.5,0,0.5,1,0.5,338
0,0.5,0,0.5,-1,0.5,0,0.5,1,0.5,-1,0.5,339
0,0.5,0,0.5,-1,0.5,0,0.5,1,0.5,0,0.5,340
0,0.5,0,0.5,-1,0.5,0,0.5,1,0.5,1,0.5,341
0,0.5,0,0.5,-1,0.5,1,0.5,-1,0.5,-1,0.5,342
0,0.5,0,0.5,-1,0.5,1,0.5,-1,0.5,0,0.5,343
0,0.5,0,0.5,-1,0.5,1,0.5,-1,0.5,1,0.5,344
0,0.5,0,0.5,-1,0.5,1,0.5,0,0.5,-1,0.5,345
0,0.5,0,0.5,-1,0.5,1,0.5,0,0.5,0,0.5,346
0,0.5,0,0.5,-1,0.5,1,0.5,0,0.5,1,0.5,347
0,0.5,0,0.5,-1,0.5,1,0.5,1,0.5,-1,0.5,348
0,0.5,0,0.5,-1,0.5,1,0.5,1,0.5,0,0.5,349
0,0.5,0,0.5,-1,0.5,1,0.5,1,0.5,1,0.5,350
0,0.5,0,0.5,0,0.5,-1,0.5,-1,0.5,-1,0.5,351
0,0.5,0,0.5,0,0.5,-1,0.5,-1,0.5,0,0.5,352
0,0.5,0,0.5,0,0.5,-1,0.5,-1,0.5,1,0.5,353
0,0.5,0,0.5,0,0.5,-1,0.5,0,0.5,-1,0.5,354
0,0.5,0,0.5,0,0.5,-1,0.5,0,0.5,0,0.5,355
0,0.5,0,0.5,0,0.5,-1,0.5,0,0.5,1,0.5,356
0,0.5,0,0.5,0,0.5,-1,0.5,1,0.5,-1,0.5,357
0,0.5,0,0.5,0,0.5,-1,0.5,1,0.5,0,0.5,358
0,0.5,0,0.5,0,0.5,-1,0.5,1,0.5,1,0.5,359
0,0.5,0,0.5,0,0.5,0,0.5,-1,0.5,-1,0.5,360
0,0.5,0,0.5,0,0.5,0,0.5,-1,0.5,0,0.5,361
0,0.5,0,0.5,0,0.5,0,0.5,-1,0.5,1,0.5,362
0,0.5,0,0.5,0,0.5,0,0.5,0,0.5,-1,0.5,363
0,0.5,0,0.5,0,0.5,0,0.5,0,0.5,0,0.5,364
0,0.5,0,0.5,0,0.5,0,0.5,0,0.5,1,0.5,365
0,0.5,0,0.5,0,0.5,0,0.5,1,0.5,-1,0.5,366
0,0.5,0,0.5,0,0.5,0,0.5,1,0.5,0,0.5,367
0,0.5,0,0.5,0,0.5,0,0.5,1,0.5,1,0.5,368
0,0.5,0,0.5,0,0.5,1,0.5,-1,0.5,-1,0.5,369
0,0.5,0,0.5,0,0.5,1,0.5,-1,0.5,0,0.5,370
0,0.5,0,0.5,0,0.5,1,0.5,-1,0.5,1,0.5,371
0,0.5,0,0.5,0,0.5,1,0.5,0,0.5,-1,0.5,372
0,0.5,0,0.5,0,0.5,1,0.5,0,0.5,0,0.5,373
0,0.5,0,0.5,0,0.5,1,0.5,0,0.5,1,0.5,374
0,0.5,0,0.5,0,0.5,1,0.5,1,0.5,-1,0.5,375
0,0.5,0,0.5,0,0.5,1,0.5,1,0.5,0,0.5,376
0,0.5,0,0.5,0,0.5,1,0.5,1,0.5,1,0.5,377
0,0.5,0,0.5,1,0.5,-1,0.5,-1,0.5,-1,0.5,378
0,0.5,0,0.5,1,0.5,-1,0.5,-1,0.5,0,0.5,379
0,0.5,0,0.5,1,0.5,-1,0.5,-1,0.5,1,0.5,380
0,0.5,0,0.5,1,0.5,-1,0.5,0,0.5,-1,0.5,381
0,0.5,0,0.5,1,0.5,-1,0.5,0,0.5,0,0.5,382
0,0.5,0,0.5,1,0.5,-1,0.5,0,0.5,1,0.5,383
0,0.5,0,0.5,1,0.5,-1,0.5,1,0.5,-1,0.5,384
0,0.5,0,0.5,1,0.5,-1,0.5,1,0.5,0,0.5,385
0,0.5,0,0.5,1,0.5,-1,0.5,1,0.5,1,0.5,386
0,0.5,0,0.5,1,0.5,0,0.5,-1,0.5,-1,0.5,387
0,0.5,0,0.5,1,0.5,0,0.5,-1,0.5,0,0.5,388
0,0.5,0,0.5,1,0.5,0,0.5,-1,0.5,1,0.5,389
0,0.5,0,0.5,1,0.5,0,0.5,0,0.5,-1,0.5,390
0,0.5,0,0.5,1,0.5,0,0.5,0,0.5,0,0.5,391
0,0.5,0,0.5,1,0.5,0,0.5,0,0.5,1,0.5,392
0,0.5,0,0.5,1,0.5,0,0.5,1,0.5,-1,0.5,393
0,0.5,0,0.5,1,0.5,0,0.5,1,0.5,0,0.5,394
0,0.5,0,0.5,1,0.5,0,0.5,1,0.5,1,0.5,395
0,0.5,0,0.5,1,0.5,1,0.5,-1,0.5,-1,0.5,396
0,0.5,0,0.5,1,0.5,1,0.5,-1,0.5,0,0.5,397
0,0.5,0,0.5,1,0.5,1,0.5,-1,0.5,1,0.5,398
0,0.5,0,0.5,1,0.5,1,0.5,0,0.5,-1,0.5,399
0,0.5,0,0.5,1,0.5,1,0.5,0,0.5,0,0.5,400
0,0.5,0,0.5,1,0.5,1,0.5,0,0.5,1,0.5,401
0,0.5,0,0.5,1,0.5,1,0.5,1,0.5,-1,0.5,402
0,0.5,0,0.5,1,0.5,1,0.5,1,0.5,0,0.5,403
0,0.5,0,0.5,1,0.5,1,0.5,1,0.5,1,0.5,404
0,0.5,1,0.5,-1,0.5,-1,0.5,-1,0.5,-1,0.5,405
0,0.5,1,0.5,-1,0.5,-1,0.5,-1,0.5,0,0.5,406
0,0.5,1,0.5,-1,0.5,-1,0.5,-1,0.5,1,0.5,407
0,0.5,1,0.5,-1,0.5,-1,0.5,0,0.5,-1,0.5,408
0,0.5,1,0.5,-1,0.5,-1,0.5,0,0.5,0,0.5,409
0,0.5,1,0.5,-1,0.5,-1,0.5,0,0.5,1,0.5,410
0,0.5,1,0.5,-1,0.5,-1,0.5,1,0.5,-1,0.5,411
0,0.5,1,0.5,-1,0.5,-1,0.5,1,0.5,0,0.5,412
0,0.5,1,0.5,-1,0.5,-1,0.5,1,0.5,1,0.5,413
0,0.5,1,0.5,-1,0.5,0,0.5,-1,0.5,-1,0.5,414
0,0.5,1,0.5,-1,0.5,0,0.5,-1,0.5,0,0.5,415
0,0.5,1,0.5,-1,0.5,0,0.5,-1,0.5,1,0.5,416
0,0.5,1,0.5,-1,0.5,0,0.5,0,0.5,-1,0.5,417
0,0.5,1,0.5,-1,0.5,0,0.5,0,0.5,0,0.5,418
0,0.5,1,0.5,-1,0.5,0,0.5,0,0.5,1,0.5,419
0,0.5,1,0.5,-1,0.5,0,0.5,1,0.5,-1,0.5,420
0,0.5,1,0.5,-1,0.5,0,0.5,1,0.5,0,0.5,421
0,0.5,1,0.5,-1,0.5,0,0.5,1,0.5,1,0.5,422
0,0.5,1,0.5,-1,0.5,1,0.5,-1,0.5,-1,0.5,423
0,0.5,1,0.5,-1,0.5,1,0.5,-1,0.5,0,0.5,424
0,0.5,1,0.5,-1,0.5,1,0.5,-1,0.5,1,0.5,425
0,0.5,1,0.5,-1,0.5,1,0.5,0,0.5,-1,0.5,426
0,0.5,1,0.5,-1,0.5,1,0.5,0,0.5,0,0.5,427
0,0.5,1,0.5,-1,0.5,1,0.5,0,0.5,1,0.5,428
0,0.5,1,0.5,-1,0.5,1,0.5,1,0.5,-1,0.5,429
0,0.5,1,0.5,-1,0.5,1,0.5,1,0.5,0,0.5,430
0,0.5,1,0.5,-1,0.5,1,0.5,1,0.5,1,0.5,431
0,0.5,1,0.5,0,0.5,-1,0.5,-1,0.5,-1,0.5,432
0,0.5,1,0.5,0,0.5,-1,0.5,-1,0.5,0,0.5,433
0,0.5,1,0.5,0,0.5,-1,0.5,-1,0.5,1,0.5,434
0,0.5,1,0.5,0,0.5,-1,0.5,0,0.5,-1,0.5,435
0,0.5,1,0.5,0,0.5,-1,0.5,0,0.5,0,0.5,436
0,0.5,1,0.5,0,0.5,-1,0.5,0,0.5,1,0.5,437
0,0.5,1,0.5,0,0.5,-1,0.5,1,0.5,-1,0.5,438
0,0.5,1,0.5,0,0.5,-1,0.5,1,0.5,0,0.5,439
0,0.5,1,0.5,0,0.5,-1,0.5,1,0.5,1,0.5,440
0,0.5,1,0.5,0,0.5,0,0.5,-1,0.5,-1,0.5,441
0,0.5,1,0.5,0,0.5,0,0.5,-1,0.5,0,0.5,442
0,0.5,1,0.5,0,0.5,0,0.5,-1,0.5,1,0.5,443
0,0.5,1,0.5,0,0.5,0,0.5,0,0.5,-1,0.5,444
0,0.5,1,0.5,0,0.5,0,0.5,0,0.5,0,0.5,445
0,0.5,1,0.5,0,0.5,0,0.5,0,0.5,1,0.5,446
0,0.5,1,0.5,0,0.5,0,0.5,1,0.5,-1,0.5,447
0,0.5,1,0.5,0,0.5,0,0.5,1,0.5,0,0.5,448
0,0.5,1,0.5,0,0.5,0,0.5,1,0.5,1,0.5,449
0,0.5,1,0.5,0,0.5,1,0.5,-1,0.5,-1,0.5,450
0,0.5,1,0.5,0,0.5,1,0.5,-1,0.5,0,0.5,451
0,0.5,1,0.5,0,0.5,1,0.5,-1,0.5,1,0.5,452
0,0.5,1,0.5,0,0.5,1,0.5,0,0.5,-1,0.5,453
0,0.5,1,0.5,0,0.5,1,0.5,0,0.5,0,0.5,454
0,0.5,1,0.5,0,0.5,1,0.5,0,0.5,1,0.5,455
0,0.5,1,0.5,0,0.5,1,0.5,1,0.5,-1,0.5,456
0,0.5,1,0.5,0,0.5,1,0.5,1,0.5,0,0.5,457
0,0.5,1,0.5,0,0.5,1,0.5,1,0.5,1,0.5,458
0,0.5,1,0.5,1,0.5,-1,0.5,-1,0.5,-1,0.5,459
0,0.5,1,0.5,1,0.5,-1,0.5,-1,0.5,0,0.5,460
0,0.5,1,0.5,1,0.5,-1,0.5,-1,0.5,1,0.5,461
0,0.5,1,0.5,1,0.5,-1,0.5,0,0.5,-1,0.5,462
0,0.5,1,0.5,1,0.5,-1,0.5,0,0.5,0,0.5,463
0,0.5,1,0.5,1,0.5,-1,0.5,0,0.5,1,0.5,464
0,0.5,1,0.5,1,0.5,-1,0.5,1,0.5,-1,0.5,465
0,0.5,1,0.5,1,0.5,-1,0.5,1,0.5,0,0.5,466
0,0.5,1,0.5,1,0.5,-1,0.5,1,0.5,1,0.5,467
0,0.5,1,0.5,1,0.5,0,0.5,-1,0.5,-1,0.5,468
0,0.5,1,0.5,1,0.5,0,0.5,-1,0.5,0,0.5,469
0,0.5,1,0.5,1,0.5,0,0.5,-1,0.5,1,0.5,470
0,0.5,1,0.5,1,0.5,0,0.5,0,0.5,-1,0.5,471
0,0.5,1,0.5,1,0.5,0,0.5,0,0.5,0,0.5,472
0,0.5,1,0.5,1,0.5,0,0.5,0,0.5,1,0.5,473
0,0.5,1,0.5,1,0.5,0,0.5,1,0.5,-1,0.5,474
0,0.5,1,0.5,1,0.5,0,0.5,1,0.5,0,0.5,475
0,0.5,1,0.5,1,0.5,0,0.5,1,0.5,1,0.5,476
0,0.5,1,0.5,1,0.5,1,0.5,-1,0.5,-1,0.5,477
0,0.5,1,0.5,1,0.5,1,0.5,-1,0.5,0,0.5,478
0,0.5,1,0.5,1,0.5,1,0.5,-1,0.5,1,0.5,479
0,0.5,1,0.5,1,0.5,1,0.5,0,0.5,-1,0.5,480
0,0.5,1,0.5,1,0.5,1,0.5,0,0.5,0,0.5,481
0,0.5,1,0.5,1,0.5,1,0.5,0,0.5,1,0.5,482
0,0.5,1,0.5,1,0.5,1,0.5,1,0.5,-1,0.5,483
0,0.5,1,0.5,1,0.5,1,0.5,1,0.5,0,0.5,484
0,0.5,1,0.5,1,0.5,1,0.5,1,0.5,1,0.5,485
1,0.5,-1,0.5,-1,0.5,-1,0.5,-1,0.5,-1,0.5,486
1,0.5,-1,0.5,-1,0.5,-1,0.5,-1,0.5,0,0.5,487
1,0.5,-1,0.5,-1,0.5,-1,0.5,-1,0.5,1,0.5,488
1,0.5,-1,0.5,-1,0.5,-1,0.5,0,0.5,-1,0.5,489
1,0.5,-1,0.5,-1,0.5,-1,0.5,0,0.5,0,0.5,490
1,0.5,-1,0.5,-1,0.5,-1,0.5,0,0.5,1,0.5,491
1,0.5,-1,0.5,-1,0.5,-1,0.5,1,0.5,-1,0.5,492
1,0.5,-1,0.5,-1,0.5,-1,0.5,1,0.5,0,0.5,493
1,0.5,-1,0.5,-1,0.5,-1,0.5,1,0.5,1,0.5,494
1,0.5,-1,0.5,-1,0.5,0,0.5,-1,0.5,-1,0.5,495
1,0.5,-1,0.5,-1,0.5,0,0.5,-1,0.5,0,0.5,496
1,0.5,-1,0.5,-1,0.5,0,0.5,-1,0.5,1,0.5,497
1,0.5,-1,0.5,-1,0.5,0,0.5,0,0.5,-1,0.5,498
1,0.5,-1,0.5,-1,0.5,0,0.5,0,0.5,0,0.5,499
1,0.5,-1,0.5,-1,0.5,0,0.5,0,0.5,1,0.5,500
1,0.5,-1,0.5,-1,0.5,0,0.5,1,0.5,-1,0.5,501
1,0.5,-1,0.5,-1,0.5,0,0.5,1,0.5,0,0.5,502
1,0.5,-1,0.5,-1,0.5,0,0.5,1,0.5,1,0.5,503
1,0.5,-1,0.5,-1,0.5,1,0.5,-1,0.5,-1,0.5,504
1,0.5,-1,0.5,-1,0.5,1,0.5,-1,0.5,0,0.5,505
1,0.5,-1,0.5,-1,0.5,1,0.5,-1,0.5,1,0.5,506
1,0.5,-1,0.5,-1,0.5,1,0.5,0,0.5,-1,0.5,507
1,0.5,-1,0.5,-1,0.5,1,0.5,0,0.5,0,0.5,508
1,0.5,-1,0.5,-1,0.5,1,0.5,0,0.5,1,0.5,509
1,0.5,-1,0.5,-1,0.5,1,0.5,1,0.5,-1,0.5,510
1,0.5,-1,0.5,-1,0.5,1,0.5,1,0.5,0,0.5,511
1,0.5,-1,0.5,-1,0.5,1,0.5,1,0.5,1,0.5,512
1,0.5,-1,0.5,0,0.5,-1,0.5,-1,0.5,-1,0.5,513
1,0.5,-1,0.5,0,0.5,-1,0.5,-1,0.5,0,0.5,514
1,0.5,-1,0.5,0,0.5,-1,0.5,-1,0.5,1,0.5,515
1,0.5,-1,0.5,0,0.5,-1,0.5,0,0.5,-1,0.5,516
1,0.5,-1,0.5,0,0.5,-1,0.5,0,0.5,0,0.5,517
1,0.5,-1,0.5,0,0.5,-1,0.5,0,0.5,1,0.5,518
1,0.5,-1,0.5,0,0.5,-1,0.5,1,0.5,-1,0.5,519
1,0.5,-1,0.5,0,0.5,-1,0.5,1,0.5,0,0.5,520
1,0.5,-1,0.5,0,0.5,-1,0.5,1,0.5,1,0.5,521
1,0.5,-1,0.5,0,0.5,0,0.5,-1,0.5,-1,0.5,522
1,0.5,-1,0.5,0,0.5,0,0.5,-1,0.5,0,0.5,523
1,0.5,-1,0.5,0,0.5,0,0.5,-1,0.5,1,0.5,524
1,0.5,-1,0.5,0,0.5,0,0.5,0,0.5,-1,0.5,525
1,0.5,-1,0.5,0,0.5,0,0.5,0,0.5,0,0.5,526
1,0.5,-1,0.5,0,0.5,0,0.5,0,0.5,1,0.5,527
1,0.5,-1,0.5,0,0.5,0,0.5,1,0.5,-1,0.5,528
1,0.5,-1,0.5,0,0.5,0,0.5,1,0.5,0,0.5,529
1,0.5,-1,0.5,0,0.5,0,0.5,1,0.5,1,0.5,530
1,0.5,-1,0.5,0,0.5,1,0.5,-1,0.5,-1,0.5,531
1,0.5,-1,0.5,0,0.5,1,0.5,-1,0.5,0,0.5,532
1,0.5,-1,0.5,0,0.5,1,0.5,-1,0.5,1,0.5,533
1,0.5,-1,0.5,0,0.5,1,0.5,0,0.5,-1,0.5,534
1,0.5,-1,0.5,0,0.5,1,0.5,0,0.5,0,0.5,535
1,0.5,-1,0.5,0,0.5,1,0.5,0,0.5,1,0.5,536
1,0.5,-1,0.5,0,0.5,1,0.5,1,0.5,-1,0.5,537
1,0.5,-1,0.5,0,0.5,1,0.5,1,0.5,0,0.5,538
1,0.5,-1,0.5,0,0.5,1,0.5,1,0.5,1,0.5,539
1,0.5,-1,0.5,1,0.5,-1,0.5,-1,0.5,-1,0.5,540
1,0.5,-1,0.5,1,0.5,-1,0.5,-1,0.5,0,0.5,541
1,0.5,-1,0.5,1,0.5,-1,0.5,-1,0.5,1,0.5,542
1,0.5,-1,0.5,1,0.5,-1,0.5,0,0.5,-1,0.5,543
1,0.5,-1,0.5,1,0.5,-1,0.5,0,0.5,0,0.5,544
1,0.5,-1,0.5,1,0.5,-1,0.5,0,0.5,1,0.5,545
1,0.5,-1,0.5,1,0.5,-1,0.5,1,0.5,-1,0.5,546
1,0.5,-1,0.5,1,0.5,-1,0.5,1,0.5,0,0.5,547
1,0.5,-1,0.5,1,0.5,-1,0.5,1,0.5,1,0.5,548
1,0.5,-1,0.5,1,0.5,0,0.5,-1,0.5,-1,0.5,549
1,0.5,-1,0.5,1,0.5,0,0.5,-1,0.5,0,0.5,550
1,0.5,-1,0.5,1,0.5,0,0.5,-1,0.5,1,0.5,551
1,0.5,-1,0.5,1,0.5,0,0.5,0,0.5,-1,0.5,552
1,0.5,-1,0.5,1,0.5,0,0.5,0,0.5,0,0.5,553
1,0.5,-1,0.5,1,0.5,0,0.5,0,0.5,1,0.5,554
1,0.5,-1,0.5,1,0.5,0,0.5,1,0.5,-1,0.5,555
1,0.5,-1,0.5,1,0.5,0,0.5,1,0.5,0,0.5,556
1,0.5,-1,0.5,1,0.5,0,0.5,1,0.5,1,0.5,557
1,0.5,-1,0.5,1,0.5,1,0.5,-1,0.5,-1,0.5,558
1,0.5,-1,0.5,1,0.5,1,0.5,-1,0.5,0,0.5,559
1,0.5,-1,0.5,1,0.5,1,0.5,-1,0.5,1,0.5,560
1,0.5,-1,0.5,1,0.5,1,0.5,0,0.5,-1,0.5,561
1,0.5,-1,0.5,1,0.5,1,0.5,0,0.5,0,0.5,562
1,0.5,-1,0.5,1,0.5,1,0.5,0,0.5,1,0.5,563
1,0.5,-1,0.5,1,0.5,1,0.5,1,0.5,-1,0.5,564
1,0.5,-1,0.5,1,0.5,1,0.5,1,0.5,0,0.5,565
1,0.5,-1,0.5,1,0.5,1,0.5,1,0.5,1,0.5,566
1,0.5,0,0.5,-1,0.5,-1,0.5,-1,0.5,-1,0.5,567
1,0.5,0,0.5,-1,0.5,-1,0.5,-1,0.5,0,0.5,568
1,0.5,0,0.5,-1,0.5,-1,0.5,-1,0.5,1,0.5,569
1,0.5,0,0.5,-1,0.5,-1,0.5,0,0.5,-1,0.5,570
1,0.5,0,0.5,-1,0.5,-1,0.5,0,0.5,0,0.5,571
1,0.5,0,0.5,-1,0.5,-1,0.5,0,0.5,1,0.5,572
1,0.5,0,0.5,-1,0.5,-1,0.5,1,0.5,-1,0.5,573
1,0.5,0,0.5,-1,0.5,-1,0.5,1,0.5,0,0.5,574
1,0.5,0,0.5,-1,0.5,-1,0.5,1,0.5,1,0.5,575
1,0.5,0,0.5,-1,0.5,0,0.5,-1,0.5,-1,0.5,576
1,0.5,0,0.5,-1,0.5,0,0.5,-1,0.5,0,0.5,577
1,0.5,0,0.5,-1,0.5,0,0.5,-1,0.5,1,0.5,578
1,0.5,0,0.5,-1,0.5,0,0.5,0,0.5,-1,0.5,579
1,0.5,0,0.5,-1,0.5,0,0.5,0,0.5,0,0.5,580
1,0.5,0,0.5,-1,0.5,0,0.5,0,0.5,1,0.5,581
1,0.5,0,0.5,-1,0.5,0,0.5,1,0.5,-1,0.5,582
1,0.5,0,0.5,-1,0.5,0,0.5,1,0.5,0,0.5,583
1,0.5,0,0.5,-1,0.5,0,0.5,1,0.5,1,0.5,584
1,0.5,0,0.5,-1,0.5,1,0.5,-1,0.5,-1,0.5,585
1,0.5,0,0.5,-1,0.5,1,0.5,-1,0.5,0,0.5,586
1,0.5,0,0.5,-1,0.5,1,0.5,-1,0.5,1,0.5,587
1,0.5,0,0.5,-1,0.5,1,0.5,0,0.5,-1,0.5,588
1,0.5,0,0.5,-1,0.5,1,0.5,0,0.5,0,0.5,589
1,0.5,0,0.5,-1,0.5,1,0.5,0,0.5,1,0.5,590
1,0.5,0,0.5,-1,0.5,1,0.5,1,0.5,-1,0.5,591
1,0.5,0,0.5,-1,0.5,1,0.5,1,0.5,0,0.5,592
1,0.5,0,0.5,-1,0.5,1,0.5,1,0.5,1,0.5,593
1,0.5,0,0.5,0,0.5,-1,0.5,-1,0.5,-1,0.5,594
1,0.5,0,0.5,0,0.5,-1,0.5,-1,0.5,0,0.5,595
1,0.5,0,0.5,0,0.5,-1,0.5,-1,0.5,1,0.5,596
1,0.5,0,0.5,0,0.5,-1,0.5,0,0.5,-1,0.5,597
1,0.5,0,0.5,0,0.5,-1,0.5,0,0.5,0,0.5,598
1,0.5,0,0.5,0,0.5,-1,0.5,0,0.5,1,0.5,599
1,0.5,0,0.5,0,0.5,-1,0.5,1,0.5,-1,0.5,600
1,0.5,0,0.5,0,0.5,-1,0.5,1,0.5,0,0.5,601
1,0.5,0,0.5,0,0.5,-1,0.5,1,0.5,1,0.5,602
1,0.5,0,0.5,0,0.5,0,0.5,-1,0.5,-1,0.5,603
1,0.5,0,0.5,0,0.5,0,0.5,-1,0.5,0,0.5,604
1,0.5,0,0.5,0,0.5,0,0.5,-1,0.5,1,0.5,605
1,0.5,0,0.5,0,0.5,0,0.5,0,0.5,-1,0.5,606
1,0.5,0,0.5,0,0.5,0,0.5,0,0.5,0,0.5,607
1,0.5,0,0.5,0,0.5,0,0.5,0,0.5,1,0.5,608
1,0.5,0,0.5,0,0.5,0,0.5,1,0.5,-1,0.5,609
1,0.5,0,0.5,0,0.5,0,0.5,1,0.5,0,0.5,610
1,0.5,0,0.5,0,0.5,0,0.5,1,0.5,1,0.5,611
1,0.5,0,0.5,0,0.5,1,0.5,-1,0.5,-1,0.5,612
1,0.5,0,0.5,0,0.5,1,0.5,-1,0.5,0,0.5,613
1,0.5,0,0.5,0,0.5,1,0.5,-1,0.5,1,0.5,614
1,0.5,0,0.5,0,0.5,1,0.5,0,0.5,-1,0.5,615
1,0.5,0,0.5,0,0.5,1,0.5,0,0.5,0,0.5,616
1,0.5,0,0.5,0,0.5,1,0.5,0,0.5,1,0.5,617
1,0.5,0,0.5,0,0.5,1,0.5,1,0.5,-1,0.5,618
1,0.5,0,0.5,0,0.5,1,0.5,1,0.5,0,0.5,619
1,0.5,0,0.5,0,0.5,1,0.5,1,0.5,1,0.5,620
1,0.5,0,0.5,1,0.5,-1,0.5,-1,0.5,-1,0.5,621
1,0.5,0,0.5,1,0.5,-1,0.5,-1,0.5,0,0.5,622
1,0.5,0,0.5,1,0.5,-1,0.5,-1,0.5,1,0.5,623
1,0.5,0,0.5,1,0.5,-1,0.5,0,0.5,-1,0.5,624
1,0.5,0,0.5,1,0.5,-1,0.5,0,0.5,0,0.5,625
1,0.5,0,0.5,1,0.5,-1,0.5,0,0.5,1,0.5,626
1,0.5,0,0.5,1,0.5,-1,0.5,1,0.5,-1,0.5,627
1,0.5,0,0.5,1,0.5,-1,0.5,1,0.5,0,0.5,628
1,0.5,0,0.5,1,0.5,-1,0.5,1,0.5,1,0.5,629
1,0.5,0,0.5,1,0.5,0,0.5,-1,0.5,-1,0.5,630
1,0.5,0,0.5,1,0.5,0,0.5,-1,0.5,0,0.5,631
1,0.5,0,0.5,1,0.5,0,0.5,-1,0.5,1,0.5,632
1,0.5,0,0.5,1,0.5,0,0.5,0,0.5,-1,0.5,633
1,0.5,0,0.5,1,0.5,0,0.5,0,0.5,0,0.5,634
1,0.5,0,0.5,1,0.5,0,0.5,0,0.5,1,0.5,635
1,0.5,0,0.5,1,0.5,0,0.5,1,0.5,-1,0.5,636
1,0.5,0,0.5,1,0.5,0,0.5,1,0.5,0,0.5,637
1,0.5,0,0.5,1,0.5,0,0.5,1,0.5,1,0.5,638
1,0.5,0,0.5,1,0.5,1,0.5,-1,0.5,-1,0.5,639
1,0.5,0,0.5,1,0.5,1,0.5,-1,0.5,0,0.5,640
1,0.5,0,0.5,1,0.5,1,0.5,-1,0.5,1,0.5,641
1,0.5,0,0.5,1,0.5,1,0.5,0,0.5,-1,0.5,642
1,0.5,0,0.5,1,0.5,1,0.5,0,0.5,0,0.5,643
1,0.5,0,0.5,1,0.5,1,0.5,0,0.5,1,0.5,644
1,0.5,0,0.5,1,0.5,1,0.5,1,0.5,-1,0.5,645
1,0.5,0,0.5,1,0.5,1,0.5,1,0.5,0,0.5,646
1,0.5,0,0.5,1,0.5,1,0.5,1,0.5,1,0.5,647
1,0.5,1,0.5,-1,0.5,-1,0.5,-1,0.5,-1,0.5,648
1,0.5,1,0.5,-1,0.5,-1,0.5,-1,0.5,0,0.5,649
1,0.5,1,0.5,-1,0.5,-1,0.5,-1,0.5,1,0.5,650
1,0.5,1,0.5,-1,0.5,-1,0.5,0,0.5,-1,0.5,651
1,0.5,1,0.5,-1,0.5,-1,0.5,0,0.5,0,0.5,652
1,0.5,1,0.5,-1,0.5,-1,0.5,0,0.5,1,0.5,653
1,0.5,1,0.5,-1,0.5,-1,0.5,1,0.5,-1,0.5,654
1,0.5,1,0.5,-1,0.5,-1,0.5,1,0.5,0,0.5,655
1,0.5,1,0.5,-1,0.5,-1,0.5,1,0.5,1,0.5,656
1,0.5,1,0.5,-1,0.5,0,0.5,-1,0.5,-1,0.5,657
1,0.5,1,0.5,-1,0.5,0,0.5,-1,0.5,0,0.5,658
1,0.5,1,0.5,-1,0.5,0,0.5,-1,0.5,1,0.5,659
1,0.5,1,0.5,-1,0.5,0,0.5,0,0.5,-1,0.5,660
1,0.5,1,0.5,-1,0.5,0,0.5,0,0.5,0,0.5,661
1,0.5,1,0.5,-1,0.5,0,0.5,0,0.5,1,0.5,662
1,0.5,1,0.5,-1,0.5,0,0.5,1,0.5,-1,0.5,663
1,0.5,1,0.5,-1,0.5,0,0.5,1,0.5,0,0.5,664
1,0.5,1,0.5,-1,0.5,0,0.5,1,0.5,1,0.5,665
1,0.5,1,0.5,-1,0.5,1,0.5,-1,0.5,-1,0.5,666
1,0.5,1,0.5,-1,0.5,1,0.5,-1,0.5,0,0.5,667
1,0.5,1,0.5,-1,0.5,1,0.5,-1,0.5,1,0.5,668
1,0.5,1,0.5,-1,0.5,1,0.5,0,0.5,-1,0.5,669
1,0.5,1,0.5,-1,0.5,1,0.5,0,0.5,0,0.5,670
1,0.5,1,0.5,-1,0.5,1,0.5,0,0.5,1,0.5,671
1,0.5,1,0.5,-1,0.5,1,0.5,1,0.5,-1,0.5,672
1,0.5,1,0.5,-1,0.5,1,0.5,1,0.5,0,0.5,673
1,0.5,1,0.5,-1,0.5,1,0.5,1,0.5,1,0.5,674
1,0.5,1,0.5,0,0.5,-1,0.5,-1,0.5,-1,0.5,675
1,0.5,1,0.5,0,0.5,-1,0.5,-1,0.5,0,0.5,676
1,0.5,1,0.5,0,0.5,-1,0.5,-1,0.5,1,0.5,677
1,0.5,1,0.5,0,0.5,-1,0.5,0,0.5,-1,0.5,678
1,0.5,1,0.5,0,0.5,-1,0.5,0,0.5,0,0.5,679
1,0.5,1,0.5,0,0.5,-1,0.5,0,0.5,1,0.5,680
1,0.5,1,0.5,0,0.5,-1,0.5,1,0.5,-1,0.5,681
1,0.5,1,0.5,0,0.5,-1,0.5,1,0.5,0,0.5,682
1,0.5,1,0.5,0,0.5,-1,0.5,1,0.5,1,0.5,683
1,0.5,1,0.5,0,0.5,0,0.5,-1,0.5,-1,0.5,684
1,0.5,1,0.5,0,0.5,0,0.5,-1,0.5,0,0.5,685
1,0.5,1,0.5,0,0.5,0,0.5,-1,0.5,1,0.5,686
1,0.5,1,0.5,0,0.5,0,0.5,0,0.5,-1,0.5,687
1,0.5,1,0.5,0,0.5,0,0.5,0,0.5,0,0.5,688
1,0.5,1,0.5,0,0.5,0,0.5,0,0.5,1,0.5,689
1,0.5,1,0.5,0,0.5,0,0.5,1,0.5,-1,0.5,690
1,0.5,1,0.5,0,0.5,0,0.5,1,0.5,0,0.5,691
1,0.5,1,0.5,0,0.5,0,0.5,1,0.5,1,0.5,692
1,0.5,1,0.5,0,0.5,1,0.5,-1,0.5,-1,0.5,693
1,0.5,1,0.5,0,0.5,1,0.5,-1,0.5,0,0.5,694
1,0.5,1,0.5,0,0.5,1,0.5,-1,0.5,1,0.5,695
1,0.5,1,0.5,0,0.5,1,0.5,0,0.5,-1,0.5,696
1,0.5,1,0.5,0,0.5,1,0.5,0,0.5,0,0.5,697
1,0.5,1,0.5,0,0.5,1,0.5,0,0.5,1,0.5,698
1,0.5,1,0.5,0,0.5,1,0.5,1,0.5,-1,0.5,699
1,0.5,1,0.5,0,0.5,1,0.5,1,0.5,0,0.5,700
1,0.5,1,0.5,0,0.5,1,0.5,1,0.5,1,0.5,701
1,0.5,1,0.5,1,0.5,-1,0.5,-1,0.5,-1,0.5,702
1,0.5,1,0.5,1,0.5,-1,0.5,-1,0.5,0,0.5,703
1,0.5,1,0.5,1,0.5,-1,0.5,-1,0.5,1,0.5,704
1,0.5,1,0.5,1,0.5,-1,0.5,0,0.5,-1,0.5,705
1,0.5,1,0.5,1,0.5,-1,0.5,0,0.5,0,0.5,706
1,0.5,1,0.5,1,0.5,-1,0.5,0,0.5,1,0.5,707
1,0.5,1,0.5,1,0.5,-1,0.5,1,0.5,-1,0.5,708
1,0.5,1,0.5,1,0.5,-1,0.5,1,0.5,0,0.5,709
1,0.5,1,0.5,1,0.5,-1,0.5,1,0.5,1,0.5,710
1,0.5,1,0.5,1,0.5,0,0.5,-1,0.5,-1,0.5,711
1,0.5,1,0.5,1,0.5,0,0.5,-1,0.5,0,0.5,712
1,0.5,1,0.5,1,0.5,0,0.5,-1,0.5,1,0.5,713
1,0.5,1,0.5,1,0.5,0,0.5,0,0.5,-1,0.5,714
1,0.5,1,0.5,1,0.5,0,0.5,0,0.5,0,0.5,715
1,0.5,1,0.5,1,0.5,0,0.5,0,0.5,1,0.5,716
1,0.5,1,0.5,1,0.5,0,0.5,1,0.5,-1,0.5,717
1,0.5,1,0.5,1,0.5,0,0.5,1,0.5,0,0.5,718
1,0.5,1,0.5,1,0.5,0,0.5,1,0.5,1,0.5,719
1,0.5,1,0.5,1,0.5,1,0.5,-1,0.5,-1,0.5,720
1,0.5,1,0.5,1,0.5,1,0.5,-1,0.5,0,0.5,721
1,0.5,1,0.5,1,0.5,1,0.5,-1,0.5,1,0.5,722
1,0.5,1,0.5,1,0.5,1,0.5,0,0.5,-1,0.5,723
1,0.5,1,0.5,1,0.5,1,0.5,0,0.5,0,0.5,724
1,0.5,1,0.5,1,0.5,1,0.5,0,0.5,1,0.5,725
1,0.5,1,0.5,1,0.5,1,0.5,1,0.5,-1,0.5,726
1,0.5,1,0.5,1,0.5,1,0.5,1,0.5,0,0.5,727
1,0.5,1,0.5,1,0.5,1,0.5,1,0.5,1,0.5,728
